{
  "project_info": {
    "project_number": "844843043178",
    "firebase_url": "https://testing-fad91-default-rtdb.firebaseio.com",
    "project_id": "testing-fad91",
    "storage_bucket": "testing-fad91.firebasestorage.app"
  },
  "client": [
    {
      "client_info": {
        "mobilesdk_app_id": "1:844843043178:android:5ff58aded382c647ffbd13",
        "android_client_info": {
          "package_name": "com.example.database"
        }
      },
      "oauth_client": [
        {
          "client_id": "844843043178-9oeqsc63kelck32e0og8klft2en528ji.apps.googleusercontent.com",
          "client_type": 1,
          "android_info": {
            "package_name": "com.example.database",
            "certificate_hash": "9d75c3416864ceee80d761034cf885e7dc1bd052"
          }
        },
        {
          "client_id": "844843043178-ajuufb3ldcs8of0r0bhmou6afl7givou.apps.googleusercontent.com",
          "client_type": 3
        }
      ],
      "api_key": [
        {
          "current_key": "AIzaSyAhe7OADJpwBd2Q-3fJcC7UnodNjq5OITs"
        }
      ],
      "services": {
        "appinvite_service": {
          "other_platform_oauth_client": [
            {
              "client_id": "844843043178-ajuufb3ldcs8of0r0bhmou6afl7givou.apps.googleusercontent.com",
              "client_type": 3
            }
          ]
        }
      }
    },
    {
      "client_info": {
        "mobilesdk_app_id": "1:844843043178:android:258c0f2f4b8f1655ffbd13",
        "android_client_info": {
          "package_name": "com.example.googlelogin"
        }
      },
      "oauth_client": [
        {
          "client_id": "844843043178-1pebfnrcg55p70k17fepj6ep0nnq6c8t.apps.googleusercontent.com",
          "client_type": 1,
          "android_info": {
            "package_name": "com.example.googlelogin",
            "certificate_hash": "70e01270854766d7bc2d46c43fab88964526febb"
          }
        },
        {
          "client_id": "844843043178-ajuufb3ldcs8of0r0bhmou6afl7givou.apps.googleusercontent.com",
          "client_type": 3
        }
      ],
      "api_key": [
        {
          "current_key": "AIzaSyAhe7OADJpwBd2Q-3fJcC7UnodNjq5OITs"
        }
      ],
      "services": {
        "appinvite_service": {
          "other_platform_oauth_client": [
            {
              "client_id": "844843043178-ajuufb3ldcs8of0r0bhmou6afl7givou.apps.googleusercontent.com",
              "client_type": 3
            }
          ]
        }
      }
    },
    {
      "client_info": {
        "mobilesdk_app_id": "1:844843043178:android:776e20e3c3cfe806ffbd13",
        "android_client_info": {
          "package_name": "com.example.mytraveldiary"
        }
      },
      "oauth_client": [
        {
          "client_id": "844843043178-vufd2qslrjpd6so7clfglot4ja5480rk.apps.googleusercontent.com",
          "client_type": 1,
          "android_info": {
            "package_name": "com.example.mytraveldiary",
            "certificate_hash": "70e01270854766d7bc2d46c43fab88964526febb"
          }
        },
        {
          "client_id": "844843043178-ajuufb3ldcs8of0r0bhmou6afl7givou.apps.googleusercontent.com",
          "client_type": 3
        }
      ],
      "api_key": [
        {
          "current_key": "AIzaSyAhe7OADJpwBd2Q-3fJcC7UnodNjq5OITs"
        }
      ],
      "services": {
        "appinvite_service": {
          "other_platform_oauth_client": [
            {
              "client_id": "844843043178-ajuufb3ldcs8of0r0bhmou6afl7givou.apps.googleusercontent.com",
              "client_type": 3
            }
          ]
        }
      }
    }
  ],
  "configuration_version": "1"
}